namefirst,namelast,email,username,age,country,birthdate
Dale,Finney,stalingDurkheimssis@Puritanismsharpooned.net,discourtesies,12,Chile,2018-08-15
Darin,Stensgaard,Mizarswormthither@Newportdesignations.com,fiercelyunderwritten,51,Indonesia,1983-06-17
Joshua,Karney,slicesestuarys@abradedcampanile.me,cagesmestizos,101,Martinique,2002-02-27
Jae,Frace,articulationsvarnishes@Woodardsinsurrections.gov,muezzinbobsledded,53,Fiji,1998-03-21
Rickey,Carnline,gruntedseminarscalm@salivasendearments.me,pizazz,6,Tonga,2012-05-04
Werner,Goldstrohm,blabshedgesaprons@enrolmentsrowsBizets.org,drizzledsaneronuses,13,Johnston Atoll,2014-07-30
Tanner,Lung,pilferershazardous@Donasillustrating.me,complacency,87,Atlantic Ocean,2015-01-01
Fausto,Armentrout,foragesdeliciously@skydiverStus.info,accountancy,52,Panama,1999-04-25
Lupe,Slagter,tellingoratorios@unaccepted.com,shinsmagistrate,68,Turkmenistan,2010-07-18
Lou,Rozenberg,futilitysdrinker@annullingFaust.net,contemptuously,3,Aruba,1985-12-26
Herb,Mochrie,trialsCitroens@siliconsCartier.edu,bemoanedplatforming,25,Bosnia and Herzegovina,1996-09-22
Aldo,Flibotte,gamuttownspeoples@winerys.net,sepaltreasureoverreach,12,Saint Helena,2012-09-04
Jermaine,Wetherby,Petrarchcommemorations@paddles.me,defenderoverlaid,49,French Southern and Antarctic Lands,2001-11-20
Garfield,Bialas,enduresdrivings@bylawcollusionsPfizers.gov,glowsfingerprints,31,Borneo,2015-06-30
Marlon,Quatro,cellulitecircuitous@declinedgybes.gov,popinjaysheadlined,34,Seychelles,1989-07-05
Stewart,Filak,spitscreasespringings@fortes.org,unripestkinship,26,South Korea,2017-01-03
Chas,Regna,Molinablanket@Wooliteconcomitant.com,armsvest,59,France,1990-10-22
Wilmer,Zellar,paymentsfutzesaxles@airborneextractions.com,sideburnsmockingbird,73,Norway,1998-09-09
Heriberto,Payea,megaphones@unassisted.info,tinderboxSheratans,37,Malaysia,2021-04-12
Ellis,Arcaro,stereotypeshazily@oceanographicGarner.net,cosponsoring,104,Estonia,1989-05-30
Toby,Wineteer,Justinianshomosexualitys@codependencysteamers.info,Bookersuninviting,89,Lithuania,1971-04-05
Ignacio,Kowalski,condoresshrills@refereebottoming.gov,dwarfish,102,American Samoa,2005-05-08
Raphael,Rasel,imperceptibly@incompetencesclamors.me,poloniumsgrenades,65,Afghanistan,2014-01-13
Tyrell,Muske,repaymentscowlings@Christiesvegetarianism.me,Barries,15,Malta,1990-06-08
Antonia,Raiola,pulpitpercolators@dietsBrahmans.me,unrepresentative,52,Christmas Island,1983-02-12
Chung,Massillon,parablegardens@Nicoladisinclination.gov,tumbledownlegalese,32,Comoros,2001-12-19
Tobias,Neece,exportservicemanjimmies@helicopterfuturistics.com,bopGreene,44,Syria,1997-03-29
Lawerence,Zanotelli,Laaficionados@mattsanalogsMagdalenas.org,registry,102,Zambia,2000-01-16
Alfonso,Welfley,vicesbiggestirkedSavoy@bottledneighborly.info,butsprofunditys,71,Barbados,1991-11-16
Vern,Nuhn,gloatsroasters@Rivierasdistinctive.edu,nitratesjugulars,55,Juan de Nova Island,2016-06-08
Ignacio,Tablas,Rodgersbirthplaces@misrepresenting.org,verity,8,Oman,1978-10-03
Raymond,Newsum,footsdomains@OsvaldoHaldanes.info,snailing,53,Guyana,2021-09-30
Osvaldo,Lirio,wonderfullyconfessions@layersguaranteeing.org,quizzesBarrera,71,Samoa,1997-10-20
Truman,Saffer,stringerspsychiatrys@vaporizationgrippe.edu,thatchings,24,Cote d'Ivoire,2001-11-16
Aurelio,Sances,outshineViennasTonya@huntsmanFuggergummycomplices.gov,dishragDraconumerating,61,Ghana,1991-01-31
Christian,Orlowski,Travoltas@Saskatchewancrumple.gov,demurertopographies,46,Clipperton Island,1995-10-28
Deon,Ferriero,rotsubsonicBrattain@forbadSzilards.me,mythstrusties,14,Macedonia,1976-06-08
Micah,Delery,wrigglyMariaeminences@hibernations.me,retriedsavagenesss,56,Syria,1977-09-27
Monte,Rusnak,guitaristspetitioner@visiblyOlsenregencys.edu,taxingstoically,62,Kyrgyzstan,1982-02-10
Bradly,Legate,tracheasLubbocks@sympathizedrafts.info,trilogyfagotedgunpoints,37,Myanmar,1982-12-11
Earl,Miesner,hollowtransitsexhortation@arrestingWiggins.com,synchronization,105,Cote d'Ivoire,1991-02-09
Scot,Sedghi,Basseterres@omegasextends.edu,copulating,81,Ghana,2019-12-19
Hilton,Mcgarraugh,hammerkpredictingacross@frequented.me,Zworykindodgers,4,Rwanda,1978-10-14
Charley,Haeussler,gazpachoslantsshoals@driphonkedimpendsMaurice.net,planked,3,Kerguelen Archipelago,1995-03-30
Dane,Salan,eloquentlyprecedeway@gosspuriousness.org,abominable,52,Grenada,1976-01-04
Demetrius,Oltmann,serumsbitching@hothousesscreechy.org,hennainggreyhound,45,Guinea-Bissau,1984-04-26
Teddy,Bilsky,reorganizations@wintersnadirsPhilippes.me,ArabsPincuss,10,France,1974-09-20
Graig,Rothschild,inflationhopping@impalas.me,gazelleshangout,74,Falkland Islands (Islas Malvinas),1976-11-06
Allen,Feldner,witcheryspageant@anxietieswonderlands.com,stridesplutoniums,51,Albania,1995-04-08
Fermin,Isensee,befogslastsEggosfuchsias@wetteddispensarys.edu,epicuressnotted,88,Greece,1986-03-25
Alfonzo,Firnstahl,crappedspecifyinghybrid@reportedlyPams.gov,worthier,29,Viet Nam,1976-02-29
Chauncey,Mccorkendale,burscloudsnarcs@federalismClaudiasforsakes.me,joistEdinburghs,35,Mongolia,2008-10-07
Augustus,Pascale,insistenceshoos@dictatingscholars.me,epilepticsStricklands,90,Liberia,1993-02-26
Howard,Texter,floesJapurasretortpadlocks@ampedpeepedwalkout.net,ToniaBayeux,39,Democratic Republic of the Congo,1971-10-10
Lanny,Hechtman,pussesdiesfinsearmarks@objectedBosporus.com,BohemiansMildred,62,USA,2018-10-26
Eddie,Lubben,divvyssolicitors@bootysToscanini.me,Harriett,38,Portugal,1980-03-18
Ramon,Bourelle,trimmestshamans@Gospelmidterm.com,knaveryforecloses,16,Ross Sea,1992-10-03
Oren,Calvo,Backuscharbroiled@Petrarchssplat.info,websobsoleting,35,Barbados,1983-06-15
Thad,Fincham,acetatesdykes@beeline.edu,superhuman,6,Brunei,1996-12-27
Rhett,Cleveringa,Berlingazettestrumpets@dictates.org,rejuvenating,34,Kyrgyzstan,1975-12-30
Donnell,Nollen,refurbishingacademies@muskratsOderscongealing.org,tempestuously,95,Gambia,1980-07-19
Rudy,Lixey,shiveredhookys@lumpiercoveredCliff.com,rattlercapitalized,25,Slovakia,1985-08-02
Stacey,Kraeer,steamedurgencys@adjunctreprimanded.me,pinpricks,99,Iran,2006-04-11
Donovan,Podobinski,trepidationsintros@defusedequinoxracketeering.info,accusershulling,69,Baltic Sea,1973-06-02
Abraham,Giasson,disinterestedlyexpound@shotguns.gov,eventuatecourages,2,Trinidad and Tobago,1990-09-18
Harry,Horrell,diversitieshitherto@bunkingslithering.net,Brunhildemelodies,82,Bulgaria,2020-04-07
Michale,Quebrado,baccalaureatesswords@velocitiesAswan.edu,commercializessuperber,73,Colombia,1970-08-26
Otha,Meinzer,freeloadedjourneymans@Palmershowers.com,flirtatiouslandlubber,48,Ross Sea,1971-07-21
Lindsay,Minchew,vibratingterrifyingallegedly@lispedfastingloafed.gov,lively,51,Paracel Islands,1996-10-10
Todd,Kostelec,catheterphilters@questsethossMcPherson.edu,treasons,21,Ecuador,1981-02-04
Delmer,Lieggi,pipelinesabstractnesses@wartySlavonicscatchings.net,Knickerbocker,8,East Timor,1976-04-29
Bernardo,Carnley,Sunnyvalesgruesomely@choppilyMcCarthys.edu,reefingclimaxed,60,Netherlands,2014-01-02
Billie,Stremmel,rapidlyoldies@Marietta.com,economist,69,Madagascar,1987-08-10
Emerson,Tadych,mistrustselopes@flinchedstabilizer.me,governnitrating,14,Seychelles,1995-02-12
Raymundo,Clothier,hallucination@tourismsilenced.net,inadmissibleunsaying,6,Belgium,2018-09-17
Michale,Izazaga,streamedshogunsarrivals@mightier.net,accentuation,79,Morocco,1971-04-11
Val,Grupe,ventriloquisms@solitudes.info,detract,71,Kerguelen Archipelago,1970-07-12
Donovan,Lepper,tractorsSemites@struggledBohemiancorrelations.net,sournesss,11,Guyana,2010-03-31
Tracy,Birdsall,treeslaxeshoarseness@drizzlier.gov,tersersneeringly,6,Malawi,1993-08-20
Doyle,Schrant,quillsAlissaspintos@negatedflabbinessPanmunjoms.com,WindexsAniakchaks,23,Ukraine,1987-05-27
Kenny,Matulis,sulkiesinequitys@zygotes.me,Humesemantic,55,Ecuador,1988-03-10
Rusty,Rayon,censersobscurermarks@SyngeoffbeatMenkents.com,Mahavirabutcheries,10,Monaco,2001-05-27
Damon,Trimnal,lessenhyperventilates@cuffscommuning.net,hickscosmopolitan,57,Greece,2001-03-23
Joey,Arant,nightclubs@whorlsMcCaindishes.com,caterpillaryearn,61,Tanzania,2015-09-13
Otto,Rembold,unoriginalroebucksavoirdupois@stateless.com,pimientopenurious,38,Bosnia and Herzegovina,1985-11-24
Tyrone,Huizenga,firringMoog@Romanyrecessional.com,polkainggiveaways,47,Lebanon,2003-01-19
Cleo,Wary,unconventionallyInglewoods@pluckierveritable.org,boxcarsachet,91,Ireland,1997-06-06
Jamey,Kaza,rainbowscrustaceans@felonschooling.org,strollingbastardize,87,Armenia,2016-12-03
Moises,Gatian,obliquenessRoumania@suchGoethes.info,races,39,Wake Island,2001-12-27
Milo,Gitch,compositerepossessing@perceptionmullions.net,linguists,4,Uganda,1999-06-15
Merle,Evors,competitively@strudels.com,chalkcadge,51,Italy,2002-06-08
Rodney,Bonifazi,acquaintshovellingstore@snareslightnesss.org,sauciness,41,Mauritania,1983-01-09
Arthur,Carsten,intakescostly@shagginesstrianglespecters.me,skullsOuagadougous,96,India,1998-11-28
Derek,Adamopoulos,camelliasbestirs@readmittedwintriest.edu,rumbaing,7,Spain,2015-04-15
Morris,Ettel,licoricesbitestranscriptions@trinketOxycontins.me,transliterates,39,Finland,1992-10-31
Barry,Szopa,slimcogsMatilda@scrimmagedliterlandfill.info,overview,29,Turkmenistan,1981-06-13
Herbert,Dziewior,miffingevaluateaffirmatives@stitchsarmies.edu,Erhardanalogs,3,Heard Island and McDonald Islands,2018-01-06
Robert,Tumminello,nucleisconglomeration@emirssupplenesss.net,episcopateLandBlackburn,22,Ecuador,2007-12-24
Jamal,Adkin,pertinacityssurcease@transported.net,Regulus,36,Clipperton Island,1997-05-04
Wendell,Dibley,Passionestablished@liturgygarbanzo.net,rebroadcasting,67,Vanuatu,2000-10-29
